{
  "strategy_a_f1_macro": 0.9987006327917515,
  "strategy_a_accuracy": 0.9991778293279772,
  "strategy_a1_f1_macro": 0.9983864380585057,
  "n_duplicate_rows": 307991.0,
  "pct_duplicate_rows": 10.891248414004009,
  "flaw1_f1_inflation": 0.0003141947332457873,
  "a0_leak_rate": 0.13370616857858184,
  "a0_acc_leaked": 0.9993652556829452,
  "a0_acc_unique": 0.9991489014297231,
  "strategy_b_f1_macro": 0.4883030462213331,
  "strategy_b_accuracy": 0.6764066925238004,
  "strategy_b_mcc": 0.25412580400233353,
  "strategy_b_roc_auc": 0.7735454967764186,
  "flaw2_f1_drop_temporal": 0.5100833918371726,
  "fri_novel_attack_share": 1.0,
  "heartbleed_recall": 1.0,
  "infiltration_recall": 0.7142857142857143,
  "sqli_recall": 0.25,
  "xgb_f1_macro": 0.4972106175175343,
  "xgb_mcc": 0.26696322962012853,
  "xgb_roc_auc": 0.7424744475219278,
  "iso_f1_binary": 0.5473018273314311,
  "iso_recall_attacks": 0.3278904720469872,
  "rf_b0_precision_at_1pct": 0.8570883134297943,
  "iso_precision_at_1pct": 0.014187018815640376,
  "cramers_v_day_label": 0.44795597519206937,
  "cramers_v_day_attacktype": 1.0,
  "day_provenance_accuracy": 0.5227,
  "total_honest_gap_f1": 0.5103975865704184,
  "sc5_gap_met": true
}